{
  "hash": "06e72835",
  "configHash": "166a5a93",
  "lockfileHash": "89980134",
  "browserHash": "d9b84394",
  "optimized": {
    "@angular/common": {
      "src": "../../../../../../node_modules/@angular/common/fesm2022/common.mjs",
      "file": "@angular_common.js",
      "fileHash": "3b3282e1",
      "needsInterop": false
    },
    "@angular/common/http": {
      "src": "../../../../../../node_modules/@angular/common/fesm2022/http.mjs",
      "file": "@angular_common_http.js",
      "fileHash": "c7ad1985",
      "needsInterop": false
    },
    "@angular/core": {
      "src": "../../../../../../node_modules/@angular/core/fesm2022/core.mjs",
      "file": "@angular_core.js",
      "fileHash": "7b567ab4",
      "needsInterop": false
    },
    "@angular/forms": {
      "src": "../../../../../../node_modules/@angular/forms/fesm2022/forms.mjs",
      "file": "@angular_forms.js",
      "fileHash": "2dca237e",
      "needsInterop": false
    },
    "@angular/platform-browser": {
      "src": "../../../../../../node_modules/@angular/platform-browser/fesm2022/platform-browser.mjs",
      "file": "@angular_platform-browser.js",
      "fileHash": "023d7210",
      "needsInterop": false
    },
    "@angular/platform-server": {
      "src": "../../../../../../node_modules/@angular/platform-server/fesm2022/platform-server.mjs",
      "file": "@angular_platform-server.js",
      "fileHash": "6593248f",
      "needsInterop": false
    },
    "@angular/router": {
      "src": "../../../../../../node_modules/@angular/router/fesm2022/router.mjs",
      "file": "@angular_router.js",
      "fileHash": "3af56676",
      "needsInterop": false
    },
    "@angular/ssr": {
      "src": "../../../../../../node_modules/@angular/ssr/fesm2022/ssr.mjs",
      "file": "@angular_ssr.js",
      "fileHash": "cd0bbc64",
      "needsInterop": false
    },
    "@angular/ssr/node": {
      "src": "../../../../../../node_modules/@angular/ssr/fesm2022/node.mjs",
      "file": "@angular_ssr_node.js",
      "fileHash": "17b32f30",
      "needsInterop": false
    },
    "express": {
      "src": "../../../../../../node_modules/express/index.js",
      "file": "express.js",
      "fileHash": "b29c0fc7",
      "needsInterop": true
    }
  },
  "chunks": {
    "xhr2-TXIMV6CV": {
      "file": "xhr2-TXIMV6CV.js"
    },
    "chunk-YFNMZC2M": {
      "file": "chunk-YFNMZC2M.js"
    },
    "chunk-FBVTMV2Z": {
      "file": "chunk-FBVTMV2Z.js"
    },
    "chunk-ECTAG6W5": {
      "file": "chunk-ECTAG6W5.js"
    },
    "chunk-4ZBB222Z": {
      "file": "chunk-4ZBB222Z.js"
    },
    "chunk-3IS6TNFF": {
      "file": "chunk-3IS6TNFF.js"
    },
    "chunk-N4KAXK3S": {
      "file": "chunk-N4KAXK3S.js"
    },
    "chunk-YWKVNC5O": {
      "file": "chunk-YWKVNC5O.js"
    },
    "chunk-YHCV7DAQ": {
      "file": "chunk-YHCV7DAQ.js"
    }
  }
}